{
  "best_model_name": "XGBoost",
  "metrics_random_holdout": {
    "roc_auc": 0.933489286242449,
    "pr_auc": 0.8823114390902472,
    "precision_at_risk": 0.7649006622516556,
    "recall_at_risk": 0.7906446092413006,
    "f1_at_risk": 0.7775596072931277,
    "accuracy": 0.8777366635831021
  },
  "metrics_temporal": {
    "roc_auc": 0.915422201366385,
    "pr_auc": 0.8622225348370774,
    "precision_at_risk": 0.7909696280656163,
    "recall_at_risk": 0.7253500148942508,
    "f1_at_risk": 0.756739958045218,
    "accuracy": 0.8713904292462518
  },
  "metrics_group_cv": {
    "mean_roc_auc": 0.9353040246738195,
    "std_roc_auc": 0.00549467123608968
  },
  "feature_importances": {
    "GrantDependencyPct": 0.0705496296286583,
    "ProgramRevenuePct": 0.038087572902441025,
    "InvestmentRevenuePct": 0.02263393998146057,
    "GovGrantPct": 0.012716063298285007,
    "ProgramExpenseRatio": 0.016081595793366432,
    "FundraisingRatio": 0.018651043996214867,
    "SalaryRatio": 0.022838028147816658,
    "DebtRatio": 0.08764369785785675,
    "AssetLiabilityRatio": 0.14630962908267975,
    "ExpenseGrowthPct": 0.0666348785161972,
    "ContributionGrowthPct": 0.1557481586933136,
    "SurplusMargin_PY": 0.07174112647771835,
    "ReserveMonths_BOY": 0.1570289582014084,
    "OrgAge": 0.01373674813657999,
    "Employees": 0.022023659199476242,
    "LogRevenue": 0.025886347517371178,
    "LogAssets": 0.051688965409994125
  },
  "threshold_resilience_score": 14.573473280668258,
  "decision_threshold": 0.36,
  "metrics_temporal_tuned": {
    "roc_auc": 0.915422201366385,
    "pr_auc": 0.8622225348370774,
    "precision_at_risk": 0.6905732484076433,
    "recall_at_risk": 0.8074173369079535,
    "f1_at_risk": 0.7444383411150782,
    "accuracy": 0.8471143972068187
  }
}