{
  "best_model": "Random Forest",
  "cv_auc_mean": 0.9021205850565164,
  "cv_auc_std": 0.013456914697968522,
  "all_models": [
    {
      "Model": "Random Forest",
      "AUC-ROC": 0.9015275392308786,
      "Precision (At Risk)": 0.9099463410840656,
      "Recall (At Risk)": 0.5794582280988462,
      "F1 (At Risk)": 0.7080358223405543,
      "Accuracy": 0.878435917462397
    },
    {
      "Model": "XGBoost",
      "AUC-ROC": 0.8867577486975466,
      "Precision (At Risk)": 0.909047656807549,
      "Recall (At Risk)": 0.5677214876442331,
      "F1 (At Risk)": 0.6989391537617363,
      "Accuracy": 0.8755889244413091
    },
    {
      "Model": "Gradient Boosting",
      "AUC-ROC": 0.8539905121946025,
      "Precision (At Risk)": 0.8961388527937627,
      "Recall (At Risk)": 0.47813598771851634,
      "F1 (At Risk)": 0.623567022959925,
      "Accuracy": 0.8531531077574261
    },
    {
      "Model": "Logistic Regression",
      "AUC-ROC": 0.7304880874271419,
      "Precision (At Risk)": 0.45056983832494035,
      "Recall (At Risk)": 0.5893131283117912,
      "F1 (At Risk)": 0.510685778044803,
      "Accuracy": 0.712730845783679
    }
  ],
  "feature_importances": {
    "DebtRatio": 0.1758454463410953,
    "ContributionGrowthPct": 0.1329647538037085,
    "LogAssets": 0.0999080760289557,
    "ExpenseGrowthPct": 0.07096057148083079,
    "AssetLiabilityRatio": 0.06992122970413668,
    "InvestmentRevenuePct": 0.05646765168722816,
    "LogRevenue": 0.0531827523200571,
    "GrantDependencyPct": 0.0458837925880088,
    "ProgramRevenuePct": 0.04509481311368109,
    "SalaryRatio": 0.044019696047739,
    "OrgAge": 0.04297064630609063,
    "ProgramExpenseRatio": 0.039483694121353524,
    "Employees": 0.036389950642302424,
    "FundraisingRatio": 0.02551303400495018,
    "GovGrantPct": 0.023245777578543507,
    "NTEE_B": 0.004039269856202596,
    "NTEE_P": 0.003556348185636966,
    "NTEE_E": 0.003441235127412296,
    "NTEE_L": 0.0028083444898359946,
    "NTEE_A": 0.002552592553367644
  }
}